<?xml version="1.0" encoding="UTF-8"?>
<project-private xmlns="http://www.netbeans.org/ns/project-private/1">
    <editor-bookmarks xmlns="http://www.netbeans.org/ns/editor-bookmarks/2" lastBookmarkId="0"/>
    <open-files xmlns="http://www.netbeans.org/ns/projectui-open-files/2">
        <group>
            <file>file:/C:/Users/Luis/Documents/GitHub/Fundamentos-de-Bases-de-Datos/Practica12/src/BD-Practica12-V2/web/DuenioIH.xhtml</file>
            <file>file:/C:/Users/Luis/Documents/GitHub/Fundamentos-de-Bases-de-Datos/Practica12/src/BD-Practica12-V2/web/EmpleadoIH.xhtml</file>
            <file>file:/C:/Users/Luis/Documents/GitHub/Fundamentos-de-Bases-de-Datos/Practica12/src/BD-Practica12-V2/web/Vehiculo.xhtml</file>
            <file>file:/C:/Users/Luis/Documents/GitHub/Fundamentos-de-Bases-de-Datos/Practica12/src/BD-Practica12-V2/src/java/Controladores/PersonasJpaController.java</file>
            <file>file:/C:/Users/Luis/Documents/GitHub/Fundamentos-de-Bases-de-Datos/Practica12/src/BD-Practica12-V2/web/Multa.xhtml</file>
            <file>file:/C:/Users/Luis/Documents/GitHub/Fundamentos-de-Bases-de-Datos/Practica12/src/BD-Practica12-V2/web/ChoferIH.xhtml</file>
            <file>file:/C:/Users/Luis/Documents/GitHub/Fundamentos-de-Bases-de-Datos/Practica12/src/BD-Practica12-V2/web/index.xhtml</file>
        </group>
    </open-files>
</project-private>
