GO
DELETE APP.AGENCIA.AGENTES;
DELETE APP.AGENCIA.PERSONAS;
DELETE APP.AGENCIA.CELULARES;
DELETE APP.AGENCIA.CORREOS;
DELETE APP.AGENCIA.LICENCIAS;
DELETE APP.AGENCIA.ASEGURADORAS;
DELETE APP.AGENCIA.CONTADORES;
DELETE APP.AGENCIA.VIAJES;
DELETE APP.AGENCIA.ALUMNOS;
DELETE APP.AGENCIA.ACADEMICOS;
DELETE APP.AGENCIA.TRABAJADORES;
GO
--Los primeros 100 valores que se insertan corresponden a los choferes.
INSERT INTO APP.AGENCIA.PERSONAS VALUES
('AAAP931011MVZLGS02', '724-2795 Ut Road', '2578 Blandit St.', 'Álvaro Obregón', null, 'México', null, null, null, null, null, '42452', 'PASCUALA', 'AGUILAR', 'ALVARADO', '12-02-74'),
('AABJ940401MVZLRQ04', '801-9485 Sapien St.', 'P.O. Box 453, 3426 Luctus St.', 'Azcapotzalco', null, 'México', null, null, null, null, null, '50572', 'JAQUELINE', 'BRINGAS', 'ALVAREZ', '29-05-90'),
('AACD950212MVZVRR00', '112 Non St.', '9659 Velit St.', 'Benito Juárez', null, 'México', null, null, null, null, null, '11115', 'DORA LUZ', 'CARDENAS', 'AVALOS', '18-08-03'),
('AACM860414HVZLNN06', '3335 Maecenas St.', '3767 Adipiscing, Rd.', 'Coyoacán', null, 'México', null, null, null, null, null, '46092', 'JOSE MANUEL', 'CANTOR', 'ALVAREZ', '23-06-88'),
('AACS941129HVZLRL05', '338-5050 Pede Avenue', '4361 Pharetra Road', 'Cuajimalpa de Morelos', null, 'México', null, null, null, null, null, '18719', 'SALOMON', 'CRUZ', 'ALVARADO', '02-12-90'),
('AAER901103HVZLSV07', '790-7534 Enim Rd.', 'P.O. Box 873, 8844 Fusce St.', 'Cuauhtémoc', null, 'México', null, null, null, null, null, '27954', 'RIVER OLIVER', 'ESPINOSA', 'ALCARAZ', '01-09-11'),
('AAGE910127HVZCNL00', 'Ap #641-7884 Suscipit, Avenue', 'Ap #601-8119 Duis Av.', 'Gustavo A. Madero', null, 'México', null, null, null, null, null, '90634', 'ELIEZER ACATL', 'GONZALEZ', 'ACATL', '06-12-04'),
('AAGI940816MVZLRL08', 'Ap #969-1258 Elit, St.', 'Ap #923-1688 Eu Av.', 'Iztacalco', null, 'México', null, null, null, null, null, '99637', 'ILIANA ISABEL', 'GARCIA', 'ALDAZABA', '29-08-83'),
('AAGM940320MVZVRN06', '281-4784 Integer Rd.', '453-5036 Erat, St.', 'Iztapalapa', null, 'México', null, null, null, null, null, '61604', 'MONSERRAT ', 'GARIBAY', 'AVALOS', '05-04-98'),
('AAGN870216MVZLRN08', 'P.O. Box 775, 802 Mauris Avenue', 'P.O. Box 829, 6308 Facilisi. Avenue', 'Magdalena Contreras', null, 'México', null, null, null, null, null, '50071', 'NANCY', 'GARCIA', 'ALCANTARA', '01-04-13'),
('AAGU950429HVZMZR09', '3025 Eleifend St.', 'P.O. Box 395, 2422 Rutrum. Rd.', 'Miguel Hidalgo', null, 'México', null, null, null, null, null, '40257', 'URIEL', 'GUZMAN', 'AMADOR', '06-11-00'),
('AAHC920419MVZLRT08', 'P.O. Box 604, 7481 Natoque Rd.', '9346 Phasellus St.', 'Milpa Alta', null, 'México', null, null, null, null, null, '28454', 'CATALINA', 'HERNANDEZ', 'ALVARADO', '22-02-11'),
('AAHE740713MVZNRR07', '968-827 At Rd.', '659-5226 Proin St.', 'Tláhuac', null, 'México', null, null, null, null, null, '56921', 'ERIKA', 'HERNANDEZ', 'ANDRADE', '07-08-74'),
('AAHG920707HVZLRS06', 'P.O. Box 861, 2648 Dui, Rd.', '6874 Hendrerit. Avenue', 'Tlalpan', null, 'México', null, null, null, null, null, '31577', 'GUSTAVO', 'HUERTA', 'ALVAREZ', '09-09-77'),
('AAHL940401MVZLRC03', 'P.O. Box 955, 508 Faucibus Rd.', '107 Cubilia Road', 'Venustiano Carranza', null, 'México', null, null, null, null, null, '86646', 'LUCILA', 'HUERTA', 'ALVAREZ', '04-02-02'),
('AAIG931002HVZPXR01', 'P.O. Box 512, 8789 Sit Ave', 'P.O. Box 176, 8366 Consequat, Rd.', 'Xochimilco', null, 'México', null, null, null, null, null, '91102', 'GERARDO', 'IXTLAHUACA', 'APANCO', '27-07-75'),
('AALM920107MVZNPY08', '732-1337 Odio. Av.', '576-9056 Curabitur Avenue', 'Álvaro Obregón', null, 'México', null, null, null, null, null, '85607', 'MAYRA', 'LOPEZ', 'ANDRADE', '11-07-83'),
('AAMD940629HVZLRN06', '192-8867 Nec, Road', 'Ap #454-1792 Tristique Street', 'Azcapotzalco', null, 'México', null, null, null, null, null, '45465', 'DANIEL', 'MARTINEZ', 'ALARCON', '02-11-88'),
('AAQL880911HVZRVS08', 'Ap #352-1265 Nec Road', 'Ap #362-2630 Ac Road', 'Benito Juárez', null, 'México', null, null, null, null, null, '99250', 'JOSE LUIS', 'QUEVEDO', 'ARZATE', '18-06-04'),
('AARN920920MVZLVR03', 'P.O. Box 372, 1258 Nec Rd.', 'Ap #467-3688 Accumsan St.', 'Coyoacán', null, 'México', null, null, null, null, null, '30984', 'NORMA LUCERO', 'RIVERA', 'ALVARADO', '09-12-87'),
('AARO940805HVZMSS07', 'Ap #318-7918 Phasellus Avenue', '213-6268 Nam St.', 'Cuajimalpa de Morelos', null, 'México', null, null, null, null, null, '83658', 'OSBALDO', 'ROSALES', 'AMADOR', '23-05-97'),
('AARP940630MVZLML06', '331-8025 Ut Street', '602-4925 Ornare, Avenue', 'Cuauhtémoc', null, 'México', null, null, null, null, null, '97081', 'PAOLA', 'RAMIREZ', 'ALAMILLO', '27-07-16'),
('AASL931201HVZLNS03', '238-5493 Sociis Ave', 'P.O. Box 280, 8941 Donec Rd.', 'Gustavo A. Madero', null, 'México', null, null, null, null, null, '68220', 'LUIS ROBERTO', 'SANTOS', 'ALVAREZ', '02-02-94'),
('AASN950707MVZMRL09', '220-4054 Ullamcorper. Rd.', '4939 Euismod Ave', 'Iztacalco', null, 'México', null, null, null, null, null, '46921', 'NELLY SADDAI', 'SIERRA', 'AMADOR', '22-07-90'),
('AATF931124MVZTPL08', 'P.O. Box 865, 7753 Facilisis, St.', '270-946 Nulla St.', 'Iztapalapa', null, 'México', null, null, null, null, null, '41513', 'FLOR DE MARIA', 'TEPOLE', 'ATLAHUA', '31-07-95'),
('AAVS930630HVZLSM09', '343-495 Erat. Avenue', 'Ap #971-292 Ac St.', 'Magdalena Contreras', null, 'México', null, null, null, null, null, '54564', 'SAMUEL', 'VASQUEZ', 'ALVAREZ', '04-06-05'),
('AAZR861118HVZMPY04', '3038 Mi Road', 'P.O. Box 135, 655 Ante St.', 'Miguel Hidalgo', null, 'México', null, null, null, null, null, '90145', 'REYNALDO', 'ZOPIYACTLE', 'AMAYO', '28-11-13'),
('AEAJ930714HVZVSV01', '610-4045 Aliquam Road', 'Ap #120-2155 Amet St.', 'Milpa Alta', null, 'México', null, null, null, null, null, '85916', 'JAVIER ALFREDO', 'ASCENCION', 'AVELINO', '20-09-70'),
('AECC940221MVZRNN04', 'P.O. Box 911, 8527 Ac Ave', '689 Fames Rd.', 'Tláhuac', null, 'México', null, null, null, null, null, '81993', 'CINTHYA ESTEFANY', 'CONTRERAS', 'ARREDONDO', '25-11-94'),
('AEGI950515HVZLNS05', '191-9964 Magna St.', '635-5607 Lacinia St.', 'Tlalpan', null, 'México', null, null, null, null, null, '47192', 'ISRAEL', 'GONZALEZ', 'ALEJANDRE', '10-03-18'),
('AEGR940808HVZLZG05', 'P.O. Box 689, 1480 Malesuada St.', 'Ap #834-3469 Lectus Road', 'Venustiano Carranza', null, 'México', null, null, null, null, null, '41192', 'RIGOBERTO', 'GUZMAN', 'ALTEHUA', '24-08-99'),
('AELA890423MVZRPR02', '212-6481 Metus. Rd.', '4239 Eu Ave', 'XochimilcoÁlvaro Obregón', null, 'México', null, null, null, null, null, '14564', 'ARMIDA', 'LOPEZ', 'AREVALO', '09-08-99'),
('AESG920418MVZMLL07', 'Ap #504-325 Eleifend St.', '2036 Mollis. St.', 'Azcapotzalco', null, 'México', null, null, null, null, null, '66692', 'GLORIA', 'SOLIS', 'AMECA', '16-10-77'),
('AESS910520MVZMLR05', 'P.O. Box 910, 7799 Amet Avenue', 'Ap #333-9571 Odio. Rd.', 'Benito Juárez', null, 'México', null, null, null, null, null, '45646', 'SARA KARINA', 'SOLIS', 'AMECA', '05-06-74'),
('AEVA881121HVZRRL19', '3141 Orci Avenue', '2526 Nisi Ave', 'Coyoacán', null, 'México', null, null, null, null, null, '45462', 'ALAN', 'VERA', 'ARELLANO', '07-07-99'),
('AIAS900811MVZMMS05', '3159 At St.', '906-2924 Egestas Street', 'Cuajimalpa de Morelos', null, 'México', null, null, null, null, null, '62492', 'SUSANA HAIDE', 'AMBRIZ', 'AMBRIZ', '20-12-15'),
('AICA910415HVZRRL03', '861 Faucibus Rd.', '5296 Quam Av.', 'Cuauhtémoc', null, 'México', null, null, null, null, null, '15413', 'ALDO OMAR', 'CORTES', 'ARIAS', '20-02-71'),
('AICG920925MVZTSD05', '8324 Ipsum Av.', '9527 Purus Ave', 'Gustavo A. Madero', null, 'México', null, null, null, null, null, '45632', 'MARIA GUADALUPE', 'CASTELAN', 'ATILANO', '05-06-02'),
('AIFE930221MVZVLL05', '641-8711 Dui. Av.', 'Ap #914-9964 In Rd.', 'Iztacalco', null, 'México', null, null, null, null, null, '89454', 'ELIZETH', 'FLORES', 'AVILA', '29-02-88'),
('AILC940610MVZNZH08', 'P.O. Box 667, 7479 Phasellus Road', '496-2612 Urna Ave', 'Iztapalapa', null, 'México', null, null, null, null, null, '45652', 'CHANTAL', 'LEZAMA', 'ANICETO', '06-11-11'),
('AIOM870119MVZVSR03', '7758 Ornare Street', '1130 Risus St.', 'Magdalena Contreras', null, 'México', null, null, null, null, null, '91793', 'MARISOL', 'OSORIO', 'AVILA', '22-05-88'),
('AIOR940526MVZVSS08', '586 Consectetuer St.', 'Ap #378-5675 Magna. Rd.', 'Miguel Hidalgo', null, 'México', null, null, null, null, null, '48240', 'ROSALBA', 'OSORIO', 'AVILA', '15-01-09'),
('AIPJ950301HVZRRS05', '2582 Senectus Road', 'Ap #770-725 Dui. Av.', 'Milpa Alta', null, 'México', null, null, null, null, null, '75295', 'JESUS', 'PEREZ', 'ARIAS', '06-10-98'),
('AOAA821010MVZNQN07', '737-3260 Ut Rd.', '7074 Ut, St.', 'Tláhuac', null, 'México', null, null, null, null, null, '91254', 'ANGELICA', 'AQUINO', 'ANGON', '20-01-16'),
('AOAA901223MVZRNN01', 'Ap #136-1735 Commodo Ave', 'P.O. Box 999, 103 Ac, Road', 'Tlalpan', null, 'México', null, null, null, null, null, '66080', 'ANA BERTHA', 'ANGEL', 'ARROYO', '19-05-98'),
('AOAA950604HVZNYL08', '354 Ornare Av.', 'P.O. Box 164, 5119 Non Road', 'Venustiano Carranza', null, 'México', null, null, null, null, null, '82243', 'ALAN ELIHU', 'AYALA', 'ANTONIO', '16-06-87'),
('AOGA920422HVZCNL04', 'Ap #740-8195 Arcu. Road', 'P.O. Box 783, 2360 Sit Avenue', 'XochimilcoÁlvaro Obregón', null, 'México', null, null, null, null, null, '41819', 'ALEJANDRO', 'GONZALEZ', 'ACOSTA', '02-12-99'),
('AOHL950207HVZCRS07', 'Ap #584-5047 Magna. Road', 'P.O. Box 202, 3732 Nullam St.', 'Azcapotzalco', null, 'México', null, null, null, null, null, '40414', 'LUIS RICARDO', 'HERNANDEZ', 'ACOSTA', '08-01-89'),
('AOLN910807MVZLZN00', '4515 Mollis St.', 'P.O. Box 559, 635 Gravida Av.', 'Benito Juárez', null, 'México', null, null, null, null, null, '76456', 'NANCY ANALI', 'LAZAGA', 'ALONSO', '05-10-82'),
('AOMJ780730HVZCRL08', 'Ap #147-8799 Feugiat St.', 'P.O. Box 461, 8385 Ut, Rd.', 'Coyoacán', null, 'México', null, null, null, null, null, '85976', 'JULIO ALBERTO', 'MURILLO', '', '04-11-01'),
('AOMP930918HVZNLT02', 'Ap #569-1286 Nec Ave', '310 Purus Road', 'Cuajimalpa de Morelos', null, 'México', null, null, null, null, null, '87881', 'PATRICIO ANTONIO', 'MALPICA', 'ACOSTA', '07-05-97'),
('AOVN930310MVZPZY05', 'P.O. Box 388, 816 Integer St.', 'P.O. Box 479, 2812 Lectus Road', 'Cuauhtémoc', null, 'México', null, null, null, null, null, '65751', 'NEYDI NAYELI', 'VAZQUEZ', 'ANTONIO', '14-10-12'),
('AUCC900507HVZGRR05', '3328 Orci. St.', '985-6460 Urna Road', 'Gustavo A. Madero', null, 'México', null, null, null, null, null, '41757', 'CARLOS ABRAHAM', 'CORTES', 'APONTE', '23-02-73'),
('AUCE940622MOCGSL07', 'Ap #344-3239 Rutrum. Street', '5315 Mauris Ave', 'Iztacalco', null, 'México', null, null, null, null, null, '15932', 'ELSA', 'CASTRO', 'AGUILAR', '21-04-12'),
('AUDP920810MVZGML08', 'P.O. Box 639, 1290 Lectus Rd.', 'Ap #697-261 In St.', 'Iztapalapa', null, 'México', null, null, null, null, null, '98560', 'PAOLA', 'DAMIAN', '', '22-06-79'),
('AUEF950806HVZGSR05', '1305 Quisque Avenue', '741-2546 Turpis Ave', 'Magdalena Contreras', null, 'México', null, null, null, null, null, '42091', 'FRANCISCO JAVIER', 'ESCOBAR', 'AGUIRRE', '24-05-03'),
('AUFG930323HVZGRS03', 'Ap #857-3104 Consectetuer Av.', 'P.O. Box 809, 7101 At St.', 'Miguel Hidalgo', null, 'México', null, null, null, null, null, '69121', 'GUSTAVO', 'FERNANDEZ', 'AGUILAR', '13-09-06'),
('AUGB930707MVZGRR05', '582-7198 Mi St.', '187-7108 Sem. St.', 'Milpa Alta', null, 'México', null, null, null, null, null, '12345', 'BRENDA', 'GARCIA', 'JAVIER', '13-04-79'),
('AUHA911226HOCRRN00', 'Ap #340-1128 Luctus. Street', '864 Aptent Road', 'Tláhuac', null, 'México', null, null, null, null, null, '66082', 'ANGEL DE JESUS', 'HERNANDEZ', 'AGUILERA', '03-07-09'),
('AUMC911104MVZGRR01', '7905 Libero Avenue', '948-6894 Vulputate Ave', 'Tlalpan', null, 'México', null, null, null, null, null, '60802', 'CARMEN YEZBEIDY', 'MORENO', 'AGUILAR', '24-12-78'),
('AUMG901227HVZBND06', 'Ap #764-9491 Convallis Avenue', '9428 Eu Avenue', 'Venustiano Carranza', null, 'México', null, null, null, null, null, '68824', 'JOSE GUADALUPE', 'MONTALVO', 'ARCURI', '01-05-95'),
('AUPM930722MVZGLG09', 'P.O. Box 581, 4093 Cum Avenue', '689-9434 Enim Avenue', 'Xochimilco', null, 'México', null, null, null, null, null, '23211', 'MAGDALENA', 'PILOTZI', 'AGUILERA', '16-01-95'),
('AURA940331HVZQMD07', 'Ap #399-4534 Integer Street', '9218 Sem St.', 'Álvaro Obregón', null, 'México', null, null, null, null, null, '83371', 'ADAN', 'RAMIREZ', 'ABURTO', '14-09-73'),
('AURM950522MVZGMN08', '4497 Augue Rd.', 'Ap #128-7012 Sit Rd.', 'Azcapotzalco', null, 'México', null, null, null, null, null, '77033', 'MONSERRAT SARAY', 'RAMIREZ', 'AGUILAR', '07-07-91'),
('AUSA920113MVZRNL08', '158-1491 Suspendisse St.', '8728 Sapien. St.', 'Benito Juárez', null, 'México', null, null, null, null, null, '93544', 'ALMA NAYELY', 'SANCHEZ', 'AQUINO', '31-03-79'),
('AUSL950329MVZQLZ06', '6671 Pede. Rd.', '3380 Odio Rd.', 'Coyoacán', null, 'México', null, null, null, null, null, '34494', 'LUZ IRENE', 'SILVERIO', 'AGUILERA', '03-01-94'),
('AUSR920817HVZQLF06', 'Ap #673-278 Nunc St.', '565-875 Ultricies Ave', 'Cuajimalpa de Morelos', null, 'México', null, null, null, null, null, '14321', 'RAFAEL', 'SILVERIO', 'ARGUELLO', '11-07-87'),
('AUVJ901127HVZLZR05', '9333 Placerat, Rd.', '875-281 Dictum Rd.', 'Cuauhtémoc', null, 'México', null, null, null, null, null, '33505', 'JORGE', 'VAZQUEZ', 'AQUINO', '28-05-76'),
('BAAF930823HVZLQL05', '263-357 Enim. Av.', '3677 Maecenas St.', 'Gustavo A. Madero', null, 'México', null, null, null, null, null, '45721', 'FELIPE', 'AQUINO', 'AQUINO', '29-11-70'),
('BAAJ920831HVZRGN09', 'P.O. Box 788, 1536 Felis. St.', 'P.O. Box 358, 6347 Iaculis St.', 'Iztacalco', null, 'México', null, null, null, null, null, '74124', 'JUAN CARLOS', 'AGUILAR', 'ALDUCIN', '29-05-13'),
('BAAM941009HVZRGR07', 'Ap #851-411 Dui Street', 'Ap #501-2279 Lacus. Avenue', 'Iztapalapa', null, 'México', null, null, null, null, null, '10501', 'MAURO', 'AGUILAR', 'BLANCO', '18-06-84'),
('BAAV911008HVZRNC05', 'P.O. Box 329, 1996 Proin St.', 'Ap #492-3087 Ut Street', 'Magdalena Contreras', null, 'México', null, null, null, null, null, '89917', 'VICTOR ENRIQUE', 'ANDRADE', 'BARRAGAN', '17-06-91'),
('BACO940622HOCZRM02', 'P.O. Box 144, 1397 Sapien. Rd.', '802-5461 Ornare St.', 'Miguel Hidalgo', null, 'México', null, null, null, null, null, '93120', 'OMAR', 'CERDA', 'BARRAGAN', '22-07-92'),
('BACV930310HVZTSC04', 'P.O. Box 618, 8456 Quisque Ave', 'P.O. Box 868, 5336 Vitae, Rd.', 'Milpa Alta', null, 'México', null, null, null, null, null, '13855', 'VICTOR DE JESUS', 'CASTRO', 'BARAJAS', '08-08-17'),
('BAGA930411MVZXRN01', 'P.O. Box 365, 2453 Quisque Rd.', '831-5664 Integer Street', 'Tláhuac', null, 'México', null, null, null, null, null, '95442', 'ANA IRAIS', 'GRANILLO', 'BAEZ', '29-03-13'),
('BAHA900709MVZRRD09', '4471 A, Road', '2044 Purus Street', 'Tlalpan', null, 'México', null, null, null, null, null, '20100', 'ADRIANA', 'HERNANDEZ', 'BAUTISTA', '29-01-75'),
('BAJJ911015HVZRMN04', 'Ap #515-2131 Eget Ave', '712 Libero. St.', 'Venustiano Carranza', null, 'México', null, null, null, null, null, '23191', 'JONATHAN EMIR', 'JIMENEZ', 'BAÑUELOS', '17-09-76'),
('BAJM920418HVZLRR03', 'P.O. Box 864, 1053 Odio St.', '746 Ac Rd.', 'Xochimilco', null, 'México', null, null, null, null, null, '66529', 'MARTIN', 'JUAREZ', 'BRAVO', '25-08-78'),
('BAMC950101HVZTCR01', '1891 Pellentesque Rd.', '990-4729 Sodales. Street', 'Álvaro Obregón', null, 'México', null, null, null, null, null, '23764', 'CRISTIAN URIEL', 'MICHIMANI', 'EMIR', '08-04-15'),
('BAPC860120MVZTLR01', '6923 Velit St.', '8208 Ultrices Ave', 'Azcapotzalco', null, 'México', null, null, null, null, null, '38711', 'MARIA DEL CARMEN', 'PALACIOS', 'BALMORI', '28-11-10'),
('BAPS921119MPLLRR00', '182-7311 Pretium Ave', '8303 Cubilia Rd.', 'Benito Juárez', null, 'México', null, null, null, null, null, '74040', 'SARAHI', 'PEREZ', 'BAUTISTA', '29-12-78'),
('BARB890522HVZSML05', '802-878 Ultrices. Rd.', 'Ap #776-5705 Orci, Avenue', 'Coyoacán', null, 'México', null, null, null, null, null, '39320', 'BLADIMIR', 'RAMIREZ', 'BAUTISTA', '22-09-14'),
('BARC911208MVZLNL03', 'Ap #186-3321 Nulla Rd.', 'Ap #130-1566 Ut Avenue', 'Cuajimalpa de Morelos', null, 'México', null, null, null, null, null, '76421', 'CLARA', 'RINCON', 'BLANCO', '18-07-99'),
('BARH910725HVZLMM03', 'Ap #485-1014 Orci, St.', 'Ap #429-5191 Vulputate Street', 'Cuauhtémoc', null, 'México', null, null, null, null, null, '41148', 'HUMBERTO', 'ROMERO', 'BASILIO', '18-05-80'),
('BARM891227MVZLMR05', 'P.O. Box 682, 7418 Consectetuer Av.', '724-3801 A Rd.', 'Gustavo A. Madero', null, 'México', null, null, null, null, null, '76846', 'MARIBEL', 'ROMERO', 'BLANCO', '06-04-03'),
('BARY910911MVZRSN01', 'Ap #680-1044 Nulla Av.', '958-5736 Phasellus St.', 'Iztacalco', null, 'México', null, null, null, null, null, '50471', 'YANETT', 'ROSAS', 'BLANCO', '21-06-74'),
('BASG910807HVZRLR04', '655-7066 Turpis. Avenue', '5455 Nunc Road', 'Iztapalapa', null, 'México', null, null, null, null, null, '45628', 'GERARDO', 'SOLIS', 'BLANCO', '25-11-86'),
('BASP930421HVZZNB09', 'P.O. Box 868, 4957 Risus. Av.', 'P.O. Box 373, 3908 Ridiculus St.', 'Magdalena Contreras', null, 'México', null, null, null, null, null, '80521', 'PABLO ELOIR', 'SANCHEZ', 'BARCENAS', '27-12-71'),
('BAVC860812MVZLLL06', '9955 Magna St.', '7150 Facilisis, Street', 'Miguel Hidalgo', null, 'México', null, null, null, null, null, '71252', 'MARIA CLARA', 'VALDIVIA', 'BARRERA', '13-01-80'),
('BAVC921207MVZTLN02', '5706 Ante Rd.', '4525 Quis St.', 'Milpa Alta', null, 'México', null, null, null, null, null, '45241', 'MARIA CONCEPCION', 'VELA', 'BAEZ', '21-03-81'),
('BAVR950106HVZLLY04', 'P.O. Box 823, 5965 Ornare Rd.', '2361 Torquent Road', 'Tláhuac', null, 'México', null, null, null, null, null, '74123', 'REYNALDO', 'VALDIVIA', 'BLANCO', '28-03-81'),
('BAXB940315HVZLLL09', '5902 At Rd.', 'Ap #130-5517 Hendrerit. Rd.', 'Tlalpan', null, 'México', null, null, null, null, null, '98551', 'BALTAZAR', 'XALAMIHUA', 'BAUTISTA', '10-06-85'),
('BECL940408HVZRRS08', 'P.O. Box 391, 9313 Diam. St.', '968-6629 Dignissim Street', 'Venustiano Carranza', null, 'México', null, null, null, null, null, '63170', 'LUIS ALBERTO', 'CRUZ', 'BLANCO', '11-01-91'),
('BEHM900511MVZRRR00', '730-9574 Sit St.', 'Ap #323-5249 Et Rd.', 'Xochimilco', null, 'México', null, null, null, null, null, '56891', 'MARISOL', 'HERNANDEZ', 'BALDERAS', '03-05-12'),
('BEJV880129MVZLML00', '1661 Ac Rd.', '4775 Elit. St.', 'Álvaro Obregón', null, 'México', null, null, null, null, null, '75321', 'VALERIA YAMILETH', 'JIMENEZ', 'BERISTAIN', '14-06-07'),
('BELM950313MVZRZR03', 'Ap #474-3718 Mollis. Street', 'P.O. Box 718, 9562 Nullam Ave', 'Azcapotzalco', null, 'México', null, null, null, null, null, '85611', 'MARLITT', 'LAZARO', 'BERISTAIN', '17-12-17'),
('BEMG940513HBCNRV04', 'P.O. Box 936, 2075 Sodales. St.', 'Ap #407-4057 Proin St.', 'Benito Juárez', null, 'México', null, null, null, null, null, '89130', 'GIOVANNI SAMUEL', 'MURILLO', 'YAMILETH', '30-10-79'),
('BEMI940307HVZRRR06', 'Ap #252-7591 Enim, Rd.', '4410 Lacus. Avenue', 'Coyoacán', null, 'México', null, null, null, null, null, '44067', 'IRVIN JESUS', 'MORALES', 'BERMUDEZ', '18-09-74'),
('BEMN891214HVZLRS08', '3053 Donec St.', '346-3433 Integer Avenue', 'Cuajimalpa de Morelos', null, 'México', null, null, null, null, null, '34966', 'NESTOR', 'MARTINEZ', 'BENITEZ', '15-06-11'),
('BEMV920903MVZLLN00', 'P.O. Box 171, 3151 Fermentum St.', 'P.O. Box 557, 6313 Congue Av.', 'Cuauhtémoc', null, 'México', null, null, null, null, null, '99732', 'VIANEY', 'MALAGON', 'BERISTAIN', '23-10-88');
GO
INSERT INTO APP.AGENCIA.CELULARES (curp, celular) VALUES
('AAAP931011MVZLGS02', 5552821940),
('AABJ940401MVZLRQ04', 5559038084),
('AACD950212MVZVRR00', 5577965419),
('AACM860414HVZLNN06', 5595900543),
('AACS941129HVZLRL05', 5592059097),
('AAER901103HVZLSV07', 5538523382),
('AAGE910127HVZCNL00', 5586967016),
('AAGI940816MVZLRL08', 5580209375),
('AAGM940320MVZVRN06', 5581704962),
('AAGN870216MVZLRN08', 5576891046),
('AAGU950429HVZMZR09', 5584356515),
('AAHC920419MVZLRT08', 5582087001),
('AAHE740713MVZNRR07', 5587184554),
('AAHG920707HVZLRS06', 5517296057),
('AAHL940401MVZLRC03', 5554310115),
('AAIG931002HVZPXR01', 5563331595),
('AALM920107MVZNPY08', 5561249878),
('AAMD940629HVZLRN06', 5535147901),
('AAQL880911HVZRVS08', 5504010197),
('AARN920920MVZLVR03', 5524763634),
('AARO940805HVZMSS07', 5561641451),
('AARP940630MVZLML06', 5563861476),
('AASL931201HVZLNS03', 5546866035),
('AASN950707MVZMRL09', 5513849442),
('AATF931124MVZTPL08', 5584826740),
('AAVS930630HVZLSM09', 5524506166),
('AAZR861118HVZMPY04', 5542912604),
('AEAJ930714HVZVSV01', 5563308116),
('AECC940221MVZRNN04', 5575785649),
('AEGI950515HVZLNS05', 5597837904),
('AEGR940808HVZLZG05', 5576045265),
('AELA890423MVZRPR02', 5596196488),
('AESG920418MVZMLL07', 5551254535),
('AESS910520MVZMLR05', 5573983569),
('AEVA881121HVZRRL19', 5512557609),
('AIAS900811MVZMMS05', 5551673018),
('AICA910415HVZRRL03', 5523992448),
('AICG920925MVZTSD05', 5510698037),
('AIFE930221MVZVLL05', 5580911275),
('AILC940610MVZNZH08', 5549625064),
('AIOM870119MVZVSR03', 5507253716),
('AIOR940526MVZVSS08', 5597105750),
('AIPJ950301HVZRRS05', 5509355723),
('AOAA821010MVZNQN07', 5596749459),
('AOAA901223MVZRNN01', 5545742820),
('AOAA950604HVZNYL08', 5566118372),
('AOGA920422HVZCNL04', 5588869060),
('AOHL950207HVZCRS07', 5557976563),
('AOLN910807MVZLZN00', 5509336891),
('AOMJ780730HVZCRL08', 5552953530),
('AOMP930918HVZNLT02', 5521332687),
('AOVN930310MVZPZY05', 5572454929),
('AUCC900507HVZGRR05', 5578559165),
('AUCE940622MOCGSL07', 5581141713),
('AUDP920810MVZGML08', 5596989719),
('AUEF950806HVZGSR05', 5571343286),
('AUFG930323HVZGRS03', 5508858518),
('AUGB930707MVZGRR05', 5525363838),
('AUHA911226HOCRRN00', 5512903053),
('AUMC911104MVZGRR01', 5504638271),
('AUMG901227HVZBND06', 5544759065),
('AUPM930722MVZGLG09', 5583497587),
('AURA940331HVZQMD07', 5540094547),
('AURM950522MVZGMN08', 5577208730),
('AUSA920113MVZRNL08', 5511045247),
('AUSL950329MVZQLZ06', 5594982795),
('AUSR920817HVZQLF06', 5529470967),
('AUVJ901127HVZLZR05', 5598504883),
('BAAF930823HVZLQL05', 5586922812),
('BAAJ920831HVZRGN09', 5591342456),
('BAAM941009HVZRGR07', 5595021176),
('BAAV911008HVZRNC05', 5552191330),
('BACO940622HOCZRM02', 5518686150),
('BACV930310HVZTSC04', 5547598070),
('BAGA930411MVZXRN01', 5505510405),
('BAHA900709MVZRRD09', 5564372567),
('BAJJ911015HVZRMN04', 5549332295),
('BAJM920418HVZLRR03', 5538515336),
('BAMC950101HVZTCR01', 5532162646),
('BAPC860120MVZTLR01', 5574379044),
('BAPS921119MPLLRR00', 5589781883),
('BARB890522HVZSML05', 5515576364),
('BARC911208MVZLNL03', 5521003970),
('BARH910725HVZLMM03', 5533655173),
('BARM891227MVZLMR05', 5599642216),
('BARY910911MVZRSN01', 5513352168),
('BASG910807HVZRLR04', 5548741148),
('BASP930421HVZZNB09', 5513785510),
('BAVC860812MVZLLL06', 5580307639),
('BAVC921207MVZTLN02', 5550507346),
('BAVR950106HVZLLY04', 5515214221),
('BAXB940315HVZLLL09', 5569859969),
('BECL940408HVZRRS08', 5565397234),
('BEHM900511MVZRRR00', 5528115363),
('BEJV880129MVZLML00', 5558800938),
('BELM950313MVZRZR03', 5573369687),
('BEMG940513HBCNRV04', 5537468168),
('BEMI940307HVZRRR06', 5540803129),
('BEMN891214HVZLRS08', 5538749693),
('BEMV920903MVZLLN00', 5579592420);
GO
INSERT INTO APP.AGENCIA.CORREOS (curp, correo) VALUES
('AAAP931011MVZLGS02', 'quis.accumsan@Pellentesquehabitant.net'),
('AABJ940401MVZLRQ04', 'Curae@atarcuVestibulum.edu'),
('AACD950212MVZVRR00', 'sagittis.semper.Nam@magnisdis.edu'),
('AACM860414HVZLNN06', 'aliquam.enim@ProinvelitSed.co.uk'),
('AACS941129HVZLRL05', 'tincidunt.congue@id.org'),
('AAER901103HVZLSV07', 'velit.Sed.malesuada@erat.org'),
('AAGE910127HVZCNL00', 'adipiscing@sedfacilisis.org'),
('AAGI940816MVZLRL08', 'aliquam@Aenean.com'),
('AAGM940320MVZVRN06', 'In.scelerisque.scelerisque@nibhlaciniaorci.ca'),
('AAGN870216MVZLRN08', 'convallis@nunc.net'),
('AAGU950429HVZMZR09', 'natoque@idmagna.co.uk'),
('AAHC920419MVZLRT08', 'posuere.enim@orciluctus.com'),
('AAHE740713MVZNRR07', 'magnis.dis.parturient@risusDonec.co.uk'),
('AAHG920707HVZLRS06', 'dui@ligula.com'),
('AAHL940401MVZLRC03', 'nec.quam@purusMaecenas.net'),
('AAIG931002HVZPXR01', 'lectus.quis@a.edu'),
('AALM920107MVZNPY08', 'sit.amet@tristiqueneque.com'),
('AAMD940629HVZLRN06', 'nunc@Sed.net'),
('AAQL880911HVZRVS08', 'dui@idanteNunc.co.uk'),
('AARN920920MVZLVR03', 'ullamcorper.magna.Sed@euturpis.edu'),
('AARO940805HVZMSS07', 'metus.In@vitae.com'),
('AARP940630MVZLML06', 'et@est.org'),
('AASL931201HVZLNS03', 'tincidunt.aliquam.arcu@auctorveliteget.com'),
('AASN950707MVZMRL09', 'ullamcorper.magna@nunc.edu'),
('AATF931124MVZTPL08', 'Phasellus@Praesent.com'),
('AAVS930630HVZLSM09', 'Integer.sem.elit@bibendumfermentummetus.org'),
('AAZR861118HVZMPY04', 'convallis.erat.eget@nulla.org'),
('AEAJ930714HVZVSV01', 'montes.nascetur@interdumCurabiturdictum.co.uk'),
('AECC940221MVZRNN04', 'eu.euismod@nec.com'),
('AEGI950515HVZLNS05', 'pharetra@consectetueradipiscing.edu'),
('AEGR940808HVZLZG05', 'Pellentesque@estmaurisrhoncus.net'),
('AELA890423MVZRPR02', 'ligula.elit.pretium@diamloremauctor.co.uk'),
('AESG920418MVZMLL07', 'mi@Donecegestas.co.uk'),
('AESS910520MVZMLR05', 'Vestibulum@pedeultricesa.ca'),
('AEVA881121HVZRRL19', 'enim@mollisInteger.org'),
('AIAS900811MVZMMS05', 'fermentum.convallis.ligula@loremipsumsodales.org'),
('AICA910415HVZRRL03', 'convallis.in.cursus@rutrumurnanec.net'),
('AICG920925MVZTSD05', 'Sed@Crasloremlorem.net'),
('AIFE930221MVZVLL05', 'nulla.Donec@iaculis.com'),
('AILC940610MVZNZH08', 'nascetur@euodiotristique.com'),
('AIOM870119MVZVSR03', 'habitant.morbi@sit.net'),
('AIOR940526MVZVSS08', 'Cras.interdum.Nunc@congue.net'),
('AIPJ950301HVZRRS05', 'ultricies.ligula@ligulaelit.com'),
('AOAA821010MVZNQN07', 'sed.sapien.Nunc@ipsumdolor.edu'),
('AOAA901223MVZRNN01', 'risus@arcuAliquam.org'),
('AOAA950604HVZNYL08', 'dis@Nuncuterat.co.uk'),
('AOGA920422HVZCNL04', 'ipsum.dolor@orcitinciduntadipiscing.org'),
('AOHL950207HVZCRS07', 'Praesent.luctus.Curabitur@parturientmontesnascetur.net'),
('AOLN910807MVZLZN00', 'Donec@Donec.ca'),
('AOMJ780730HVZCRL08', 'nec.metus@tortorNunc.ca'),
('AOMP930918HVZNLT02', 'eu@varius.co.uk'),
('AOVN930310MVZPZY05', 'ornare@acrisus.com'),
('AUCC900507HVZGRR05', 'amet@euismod.ca'),
('AUCE940622MOCGSL07', 'augue.eu@egestasAliquam.edu'),
('AUDP920810MVZGML08', 'nunc.id.enim@egestas.com'),
('AUEF950806HVZGSR05', 'Nunc.ut@dictummi.org'),
('AUFG930323HVZGRS03', 'sem.elit@Duis.ca'),
('AUGB930707MVZGRR05', 'dui.Suspendisse.ac@anteVivamusnon.co.uk'),
('AUHA911226HOCRRN00', 'tortor.at.risus@justo.edu'),
('AUMC911104MVZGRR01', 'eleifend.vitae@ultrices.com'),
('AUMG901227HVZBND06', 'et@Uttincidunt.org'),
('AUPM930722MVZGLG09', 'orci@sitamet.com'),
('AURA940331HVZQMD07', 'enim.nec.tempus@nibhdolornonummy.com'),
('AURM950522MVZGMN08', 'risus@parturientmontes.com'),
('AUSA920113MVZRNL08', 'dolor.vitae@diam.edu'),
('AUSL950329MVZQLZ06', 'natoque.penatibus.et@vehiculaaliquet.net'),
('AUSR920817HVZQLF06', 'ut@perinceptoshymenaeos.edu'),
('AUVJ901127HVZLZR05', 'Nullam.enim@vehiculaetrutrum.com'),
('BAAF930823HVZLQL05', 'vel.pede@Duisa.edu'),
('BAAJ920831HVZRGN09', 'et@aceleifendvitae.com'),
('BAAM941009HVZRGR07', 'Phasellus@Craseutellus.edu'),
('BAAV911008HVZRNC05', 'lacinia.vitae.sodales@primisin.org'),
('BACO940622HOCZRM02', 'blandit.Nam.nulla@disparturient.com'),
('BACV930310HVZTSC04', 'iaculis.nec@idrisus.org'),
('BAGA930411MVZXRN01', 'Nam@ullamcorper.net'),
('BAHA900709MVZRRD09', 'tristique.senectus@facilisis.org'),
('BAJJ911015HVZRMN04', 'amet@magnaatortor.com'),
('BAJM920418HVZLRR03', 'sem.elit.pharetra@pedenonummy.co.uk'),
('BAMC950101HVZTCR01', 'risus@adipiscingelit.ca'),
('BAPC860120MVZTLR01', 'vel.sapien.imperdiet@nuncsedpede.edu'),
('BAPS921119MPLLRR00', 'Sed.id.risus@mattisCraseget.co.uk'),
('BARB890522HVZSML05', 'Nam@quamdignissim.net'),
('BARC911208MVZLNL03', 'Duis@dolor.net'),
('BARH910725HVZLMM03', 'Donec.elementum.lorem@pede.co.uk'),
('BARM891227MVZLMR05', 'per.inceptos.hymenaeos@rhoncus.ca'),
('BARY910911MVZRSN01', 'eget.metus.In@hendreritconsectetuercursus.edu'),
('BASG910807HVZRLR04', 'arcu@semegestasblandit.org'),
('BASP930421HVZZNB09', 'nisi.sem@odioauctor.net'),
('BAVC860812MVZLLL06', 'Etiam@idlibero.com'),
('BAVC921207MVZTLN02', 'Curabitur.dictum.Phasellus@Duisat.org'),
('BAVR950106HVZLLY04', 'velit@auctorodioa.edu'),
('BAXB940315HVZLLL09', 'odio.vel.est@cursusluctus.ca'),
('BECL940408HVZRRS08', 'elit@Vivamusnonlorem.edu'),
('BEHM900511MVZRRR00', 'at@rhoncus.org'),
('BEJV880129MVZLML00', 'hymenaeos.Mauris.ut@ametante.edu'),
('BELM950313MVZRZR03', 'ac.mattis@amet.com'),
('BEMG940513HBCNRV04', 'velit.dui.semper@Sed.edu'),
('BEMI940307HVZRRR06', 'Curabitur@dui.co.uk'),
('BEMN891214HVZLRS08', 'libero@inconsequatenim.net'),
('BEMV920903MVZLLN00', 'enim.gravida.sit@accumsan.ca');
GO
--Se insertan primero los curps de los agentes
INSERT INTO APP.AGENCIA.PERSONAS (curp) VALUES
('DMSA775345MVZLLN24'),
('DMSA655963MVZLLN14'),
('DMSA773462MVZLLN24'),
('DMSA269638MVZLLN24'),
('DMSW567997MVZLLN24'),
('DMSA458833MVZLLN24'),
('DMSA525279MVZLLN24'),
('DMSN772244MVZLLN24'),
('DMSA437829MVZLLN24'),
('DMSA637489MVZLLN24'),
('DMSA955524MVZLLN24'),
('DMSA566657MVZLLN24'),
('DMSA434836MVZLLN24'),
('DMSA542742MVZLLN24'),
('DMSA472234MVZLLN24'),
('DBSA686224MVZLLN24'),
('DFSA422881MVZLLN24'),
('DMSA938538MVZLLN24'),
('DMSA422882MVZLLN24'),
('DMSA799776MVZLLN24'),
('DMSA521259MVZLLN24'),
('DMSA984564MVZLLN24'),
('DMSA984562MVZLLN24'),
('DMSA895576MVZLLN24'),
('DMSA363399MVZLLN24'),
('DMSA878738MVZLLN24'),
('DMRA689669MVZLLN24'),
('DMSA422883MVZLLN24'),
('DMSA799285MVZLLN24'),
('DMSA778365MVZLLN14'),
('DMPA926255MVZLLN24'),
('DFSA629743MVZLLN24'),
('DMSA536759MVZLLN24'),
('DMSA742523MVZLLN24'),
('DMSA437899MVZLLN24'),
('WMSA895253MVZLLN24'),
('DMSA593893MVZLLN24'),
('DMSA564582MVSLLN24'),
('AMSA488759MVZLLN24'),
('DCSA686224MVZLLN24'),
('TMSA483273MVZLLN24'),
('DBSA488759MVZLLN24'),
('DMSA644655MVZLLN24'),
('DMSA977876MVZLLN24'),
('DMSA473945MVZLLN24'),
('DMSA624564MVZLLN24'),
('DMOA363399MVZLLN24'),
('PMSA483273MVZLLN24'),
('DMSA662564MVZLLN24'),
('DMSA666536MVZLLN29'),
('DMHA799285MVZLLN24'),
('DMSA444732MVZLLN24'),
('FMSA689669MVZLLN24'),
('DMSA455793MVZLLN24'),
('DMSA794775MVZLLN24'),
('DMSA483273MVZLLN24'),
('DMSA235339MVZLLN24'),
('DMSA437499MVZLLN24'),
('DMSA339757MVZLLN24'),
('DMSA724635MWDLLN24'),
('DMPA799285MVZLLN24'),
('DUSA926255MVZLLN24'),
('DJSA895253MVZLLN24'),
('DMSA423268MVZLLN24'),
('DMSQ567997MVZLLN14'),
('DMSA655963MVZLLN22'),
('DMSA746887MVZLLN14'),
('DMSA663652MVZLLN24'),
('DMSA772244MVZLLN28'),
('DMSA873586MVZLLN24'),
('DMSA137899MVZLLN24'),
('DMSA666536MVZLLN99'),
('DMSA926255MVZLLN24'),
('DMSA778365MVZLLN24'),
('DZPA458833MVZLLN24'),
('DMSA438534MVZLLN24'),
('DMSA476874MVZLLN24'),
('DMSA288676MVZLLN24'),
('DKSA772244MVZLLN24'),
('DMSA769383MVZLLN24'),
('DMSA995984MVZLLN24'),
('DMSA654396MVZLLN24'),
('DMTW629743MVZLLN24'),
('DMSA724635MVZLFS24'),
('DMSA924746MVZLLN24'),
('DMSA226879MVZLLN24'),
('DMSA977876MVZLLN25'),
('DMSA746887MVZLLN24'),
('DMSA934459MVZLLN24'),
('DMSA655963MVZLLN24'),
('DMSA465559MVZLLN24'),
('DMSA564582MVZLLN24'),
('DMSA734498MVZLLN24'),
('DMSA225349MVZLLN24'),
('DMSA476874MVZSLN24'),
('DMSA564582MDZLLN24'),
('DMSA895253MVZLLN24'),
('DMSA257963MVZLLN24'),
('DMSA488759MVZLLN24'),
('WMSA895253MVZLLN25'),
('DMSA254477MVZLLN24');
GO
INSERT INTO APP.AGENCIA.AGENTES (num_placa, curp) VALUES
('E7NUNCR73', 'DBSA488759MVZLLN24'),
('3WJ7TFWCW', 'DBSA686224MVZLLN24'),
('C5ZAZKFHK', 'DCSA686224MVZLLN24'),
('NXGTP8ZJH', 'DFSA422881MVZLLN24'),
('ZHWGBQ89Y', 'DFSA629743MVZLLN24'),
('57R7PJ7YS', 'DJSA895253MVZLLN24'),
('PEL8EPF6W', 'DKSA772244MVZLLN24'),
('E4DM9ZQ3S', 'DMHA799285MVZLLN24'),
('5L3M7W3BP', 'DMOA363399MVZLLN24'),
('MMKAGAVN9', 'DMPA799285MVZLLN24'),
('DJNGRNCLR', 'DMPA926255MVZLLN24'),
('P3GCJJH6A', 'DMRA689669MVZLLN24'),
('2PLKLU5KC', 'DMSA137899MVZLLN24'),
('Z72W9YMD8', 'DMSA225349MVZLLN24'),
('RLKQUE9SQ', 'DMSA226879MVZLLN24'),
('SW5BQ6CMJ', 'DMSA235339MVZLLN24'),
('ESPJFGGLS', 'DMSA254477MVZLLN24'),
('FUUURT9XH', 'DMSA257963MVZLLN24'),
('Y9DWUQ5AW', 'DMSA269638MVZLLN24'),
('ZUPF4WUV8', 'DMSA288676MVZLLN24'),
('N9ATZ6UG6', 'DMSA339757MVZLLN24'),
('QPKDJ2GJH', 'DMSA363399MVZLLN24'),
('B9ABGMJXE', 'DMSA422882MVZLLN24'),
('DYLZJRUWX', 'DMSA422883MVZLLN24'),
('6ENJTRQEQ', 'DMSA423268MVZLLN24'),
('QMP4ZC8AG', 'DMSA434836MVZLLN24'),
('QQKQVCJT5', 'DMSA437499MVZLLN24'),
('XD7BTRLF9', 'DMSA437829MVZLLN24'),
('BDVRDLCT3', 'DMSA437899MVZLLN24'),
('TXVGMCWH7', 'DMSA438534MVZLLN24'),
('Q38XXCKJB', 'DMSA444732MVZLLN24'),
('5LS5JJ4QK', 'DMSA455793MVZLLN24'),
('KCSP3GXDB', 'DMSA458833MVZLLN24'),
('A8HG8MJ6B', 'DMSA465559MVZLLN24'),
('ZEU7HEAXR', 'DMSA472234MVZLLN24'),
('YH3GTJEYP', 'DMSA473945MVZLLN24'),
('6WSM89M63', 'DMSA476874MVZLLN24'),
('K9729Y84A', 'DMSA476874MVZSLN24'),
('7QSXZLRCH', 'DMSA483273MVZLLN24'),
('3236NYBL9', 'DMSA488759MVZLLN24'),
('8GESMRP7B', 'DMSA521259MVZLLN24'),
('3Z9BMSP62', 'DMSA525279MVZLLN24'),
('UMCDPF584', 'DMSA536759MVZLLN24'),
('6EFKA6JEG', 'DMSA542742MVZLLN24'),
('ZQLSRXZX7', 'DMSA564582MDZLLN24'),
('WMC484ERH', 'DMSA564582MVSLLN24'),
('363JN6GJ5', 'DMSA564582MVZLLN24'),
('J7DGTMUT7', 'DMSA566657MVZLLN24'),
('BHZ3DXZSY', 'DMSA593893MVZLLN24'),
('UMJER9S48', 'DMSA624564MVZLLN24'),
('KPN9MNY8Y', 'DMSA637489MVZLLN24'),
('E2ZRK73HD', 'DMSA644655MVZLLN24'),
('EREYV2YTN', 'DMSA654396MVZLLN24'),
('GLM8KPLRT', 'DMSA655963MVZLLN14'),
('AD6GXJX7S', 'DMSA655963MVZLLN22'),
('P3HQKAA6G', 'DMSA655963MVZLLN24'),
('DES935KEX', 'DMSA662564MVZLLN24'),
('Y7XFTJD45', 'DMSA663652MVZLLN24'),
('AL4PZUPQP', 'DMSA666536MVZLLN29'),
('Y4PCGF4A9', 'DMSA666536MVZLLN99'),
('4GN6FBZKU', 'DMSA724635MVZLFS24'),
('WUGJSKHLH', 'DMSA724635MWDLLN24'),
('HGL5SBPW8', 'DMSA734498MVZLLN24'),
('WJHSTL8K7', 'DMSA742523MVZLLN24'),
('R9JUSWGTV', 'DMSA746887MVZLLN14'),
('CQ2M99H2M', 'DMSA746887MVZLLN24'),
('AMXUHLELZ', 'DMSA769383MVZLLN24'),
('GVMWNYXX8', 'DMSA772244MVZLLN28'),
('TLDS38CND', 'DMSA773462MVZLLN24'),
('PF8DSKL7L', 'DMSA775345MVZLLN24'),
('Y5GNC83L5', 'DMSA778365MVZLLN14'),
('YC447VWGJ', 'DMSA778365MVZLLN24'),
('D9ZN7MRLS', 'DMSA794775MVZLLN24'),
('QB6CK7K46', 'DMSA799285MVZLLN24'),
('QVPSY7MJK', 'DMSA799776MVZLLN24'),
('H85ZWE4R9', 'DMSA873586MVZLLN24'),
('XH6DYGJDD', 'DMSA878738MVZLLN24'),
('YTCFURSQQ', 'DMSA895253MVZLLN24'),
('476TVN8BY', 'DMSA895576MVZLLN24'),
('8TRMYJAE3', 'DMSA924746MVZLLN24'),
('GH7QJB3X9', 'DMSA926255MVZLLN24'),
('KEUN8D64D', 'DMSA934459MVZLLN24'),
('WPTKMP7B6', 'DMSA938538MVZLLN24'),
('CRBGAJ4XX', 'DMSA955524MVZLLN24'),
('CXXFFUKMH', 'DMSA977876MVZLLN24'),
('RWK6WDFHN', 'DMSA977876MVZLLN25'),
('PDKUSQKMS', 'DMSA984562MVZLLN24'),
('7KA3NR7ZW', 'DMSA984564MVZLLN24'),
('7ECUJS36Y', 'DMSA995984MVZLLN24'),
('NN4QUP7CA', 'DMSN772244MVZLLN24'),
('6U24XR5MB', 'DMSQ567997MVZLLN14'),
('ALC6HEYDQ', 'DMSW567997MVZLLN24'),
('TC7XKEFPP', 'DMTW629743MVZLLN24'),
('VJTUAVQNU', 'DUSA926255MVZLLN24'),
('2HCWX3XYM', 'DZPA458833MVZLLN24'),
('W489X2FTV', 'FMSA689669MVZLLN24'),
('RBES3ABD2', 'PMSA483273MVZLLN24'),
('FT9BLG266', 'TMSA483273MVZLLN24'),
('4TNEV7CNF', 'WMSA895253MVZLLN24'),
('YBQTXLR6Z', 'WMSA895253MVZLLN25');

INSERT INTO APP.AGENCIA.LICENCIAS (num_licencia, fecha_expedicion, vigencia) VALUES
('9487787257', '10-12-16','25-07-18'),
('6572344647', '25-08-17','11-11-18'),
('7274653793', '02-06-17','03-06-18'),
('7934946278', '18-11-17','05-06-18'),
('9937738988', '26-05-17','13-03-18'),
('2287882735', '17-10-17','13-05-18'),
('6378283292', '12-03-17','03-03-18'),
('9854977676', '10-01-17','13-10-18'),
('4535537923', '03-10-16','13-02-18'),
('4852442479', '20-09-16','10-02-18'),
('9643978829', '05-08-16','25-05-18'),
('7799663844', '18-04-18','09-08-18'),
('7923327845', '19-05-16','09-01-18'),
('8267895944', '22-12-17','04-07-18'),
('2375738889', '14-08-16','20-09-18'),
('7858425534', '18-03-18','23-04-18'),
('2984229555', '01-12-16','20-07-18'),
('7373648329', '24-11-17','06-04-18'),
('7993454833', '18-10-16','11-05-18'),
('4533782979', '08-12-16','14-09-18'),
('7728383946', '20-10-16','07-12-18'),
('3953863483', '18-07-16','05-08-18'),
('8257488629', '14-11-16','15-12-18'),
('2462769424', '08-04-17','24-10-18'),
('6259599345', '11-06-17','16-03-18'),
('3374886865', '12-05-17','10-01-18'),
('4934439497', '15-06-16','06-11-18'),
('6656364383', '05-03-17','01-03-18'),
('2859875386', '06-06-17','06-01-18'),
('7467656492', '02-10-16','30-03-18'),
('3536924236', '27-03-18','16-12-18'),
('6987498733', '14-05-16','31-03-18'),
('2634823634', '16-02-18','21-07-18'),
('5958854987', '01-04-17','14-03-18'),
('7772638874', '11-10-16','25-03-18'),
('8694287878', '26-12-16','26-06-18'),
('9633643327', '21-11-16','09-10-18'),
('3347249429', '07-09-17','13-01-18'),
('6375494846', '24-12-16','20-05-18'),
('4936329276', '20-01-18','11-02-18'),
('9536799773', '09-11-16','29-07-18'),
('9458487854', '28-03-17','16-01-18'),
('2367982764', '22-05-16','17-06-18'),
('6627479679', '23-04-17','21-07-18'),
('9325936538', '14-03-18','20-06-18'),
('7295675296', '14-09-16','26-05-18'),
('8947682548', '18-02-18','27-12-18'),
('5553327728', '01-03-18','17-10-18'),
('9872423844', '06-09-16','08-03-18'),
('3393756737', '14-05-17','05-06-18'),
('5575934837', '06-12-17','29-12-18'),
('4962894767', '21-12-17','11-06-18'),
('2366477723', '18-07-17','27-03-18'),
('7222248697', '14-12-16','11-10-18'),
('6748738267', '25-10-17','01-06-18'),
('3752393775', '25-01-17','29-03-18'),
('2764828957', '17-09-16','07-03-18'),
('4599562288', '31-10-16','22-08-18'),
('9725222567', '31-03-17','13-06-18'),
('5944743374', '08-11-16','22-03-18'),
('5952437479', '06-10-17','08-09-18'),
('5876568322', '12-11-17','18-10-18'),
('4282783386', '26-07-16','12-11-18'),
('6385469784', '06-07-17','25-08-18'),
('7425322493', '26-04-17','06-04-18'),
('5334435488', '17-03-18','31-08-18'),
('3445369452', '07-02-17','20-10-18'),
('3688537344', '19-02-17','26-03-18'),
('5479785979', '03-08-17','17-03-18'),
('3784229529', '07-11-17','18-03-18'),
('5553347982', '27-02-18','04-12-18'),
('9668758753', '30-07-17','12-05-18'),
('4785499737', '14-04-17','04-12-18'),
('4744624385', '18-08-16','22-03-18'),
('4876588345', '12-03-17','20-11-18'),
('7739332533', '13-12-17','10-04-18'),
('2578925282', '16-07-17','18-03-18'),
('8777399247', '03-07-17','13-12-18'),
('4432595549', '22-07-17','29-12-18'),
('9632932775', '14-05-16','21-06-18'),
('9348956795', '09-10-16','17-12-18'),
('2762234867', '08-12-16','06-06-18'),
('3787596753', '01-07-17','07-06-18'),
('3325972624', '19-06-17','23-08-18'),
('6685883645', '19-07-17','03-05-18'),
('3623738599', '05-02-17','07-06-18'),
('5254852746', '22-08-16','20-09-18'),
('8559842835', '15-07-16','28-04-18'),
('8936926299', '18-09-16','18-03-18'),
('2393535768', '11-01-17','26-07-18'),
('9676235598', '24-08-16','23-01-18'),
('6225885253', '11-07-16','16-09-18'),
('7856663732', '26-04-18','10-08-18'),
('6864857594', '15-11-17','15-07-18'),
('4949789243', '12-07-17','15-03-18'),
('5868992983', '23-11-16','29-08-18'),
('2782693222', '22-09-16','22-08-18'),
('5696263885', '21-04-18','15-03-18'),
('6986449498', '02-12-17','09-01-18'),
('6839678842', '03-08-16','27-06-18');

INSERT INTO APP.AGENCIA.ASEGURADORAS (compania) VALUES
('SegA'),
('SegAche'),
('SegActs'),
('SegAdz'),
('SegAged'),
('SegAil'),
('SegAimed'),
('SegAired'),
('SegAisles'),
('SegAlm'),
('SegAm'),
('SegAnd'),
('SegAnn'),
('SegApe'),
('SegArc'),
('SegAre'),
('SegArm'),
('SegArts'),
('SegAsked'),
('SegAt'),
('SegAuld'),
('SegAwed'),
('SegAwn'),
('SegAxe'),
('SegBrith'),
('SegBabe'),
('SegBacked'),
('SegBadge'),
('SegBah'),
('SegBait'),
('SegBaked'),
('SegBaled'),
('SegAbe'),
('SegAched'),
('SegAd'),
('SegAdze'),
('SegAid'),
('SegAiled'),
('SegAims'),
('SegAires'),
('SegAle'),
('SegAlms'),
('SegAmp'),
('SegAngst'),
('SegAnne'),
('SegAped'),
('SegArch'),
('SegArent'),
('SegArmed'),
('SegAs'),
('SegAsks'),
('SegAte'),
('SegAunt'),
('SegAwes'),
('SegAwned'),
('SegAxed'),
('SegBaa'),
('SegBabes'),
('SegBacks'),
('SegBag'),
('SegBail'),
('SegBaits'),
('SegBakes'),
('SegBales'),
('SegAce'),
('SegAches'),
('SegAdd'),
('SegAft'),
('SegAides'),
('SegAils'),
('SegAin'),
('SegAirs'),
('SegAles'),
('SegAlp'),
('SegAmps'),
('SegAnkh'),
('SegAnt'),
('SegApes'),
('SegArched'),
('SegArk'),
('SegArms'),
('SegAsh'),
('SegAsp'),
('SegAught'),
('SegAunts'),
('SegAwl'),
('SegAwns'),
('SegAye'),
('SegBaaed'),
('SegBach'),
('SegBad'),
('SegBagged'),
('SegBailed'),
('SegBaize'),
('SegBald'),
('SegBalk'),
('SegBails'),
('SegBake'),
('SegBale'),
('SegBalked');

INSERT INTO APP.AGENCIA.CONTADORES VALUES
('ZTWR877959CCFKWY89', 'ZTWR877959CCFKWY89','4978'),
('JLUX522686FVCNEG85', 'JLUX522686FVCNEG85','3432'),
('SVUN692992QHHXLK57', 'SVUN692992QHHXLK57','4749'),
('XGLW792939RXWQKW24', 'XGLW792939RXWQKW24','2886'),
('AUFS929548MGGHFV59', 'AUFS929548MGGHFV59','8555'),
('QFNR794998TYXQEM28', 'QFNR794998TYXQEM28','8936'),
('PMKJ543696WDNBBC94', 'PMKJ543696WDNBBC94','2524'),
('TCAC223254WFPFCK29', 'TCAC223254WFPFCK29','5358'),
('EAQV649433CJEXKG93', 'EAQV649433CJEXKG93','7985'),
('UGTK952755YVULLV74', 'UGTK952755YVULLV74','3988'),
('KTUW238366TBHGMJ38', 'ZTWR877959CCFKWY89','3583'),
('KZVJ394666QFMWVK94', 'JLUX522686FVCNEG85','7974'),
('TNUC952768JUTYXC48', 'SVUN692992QHHXLK57','5422'),
('DQLN565842CARGWQ62', 'XGLW792939RXWQKW24','8357'),
('DYRV795448HAGGVJ54', 'AUFS929548MGGHFV59','8646'),
('VFNX735547UDAQTF23', 'QFNR794998TYXQEM28','2295'),
('JCEC588447MWEUHT62', 'PMKJ543696WDNBBC94','5446'),
('QPQP398935KDAJNC95', 'TCAC223254WFPFCK29','9367'),
('MRKE286393PHNTUT43', 'EAQV649433CJEXKG93','8267'),
('ANVK486633FVWWKK32', 'UGTK952755YVULLV74','4259'),
('MELC647475XEEARZ47', 'ZTWR877959CCFKWY89','3534'),
('XYKR556939ZLERWP74', 'JLUX522686FVCNEG85','5954'),
('QGUU984698MQBDDK57', 'SVUN692992QHHXLK57','4995'),
('QCZE794445UBWFLU76', 'XGLW792939RXWQKW24','7823'),
('BEWZ936752ANSXKN96', 'AUFS929548MGGHFV59','4662'),
('XWAE638848MXKPBE53', 'QFNR794998TYXQEM28','9782'),
('YTGJ363892YFCEJA93', 'PMKJ543696WDNBBC94','3936'),
('NWCX628794EDPCVU28', 'TCAC223254WFPFCK29','2739'),
('NJQL468764EMMSPP47', 'EAQV649433CJEXKG93','2383'),
('BWEK784294HMBDWE24', 'UGTK952755YVULLV74','6439'),
('SFRQ485632NWMSGB78', 'ZTWR877959CCFKWY89','5896'),
('MQXY363385NLQMRH47', 'JLUX522686FVCNEG85','8483'),
('GPTX495432RCAZBV68', 'SVUN692992QHHXLK57','7262'),
('DZYZ245544VVMDRV54', 'XGLW792939RXWQKW24','6326'),
('LTTX232552ESHRJM78', 'AUFS929548MGGHFV59','9226'),
('KCHU782286PAGZVB58', 'QFNR794998TYXQEM28','9573'),
('EMZD459976PBTWTY45', 'PMKJ543696WDNBBC94','9945'),
('DCQZ432348RWGXBK43', 'TCAC223254WFPFCK29','9486'),
('MRXJ657799LJNDHN82', 'EAQV649433CJEXKG93','6588'),
('TFAT539788HKNRRV48', 'UGTK952755YVULLV74 ','8265'),
('EMKW584343ZBMCUE96', 'ZTWR877959CCFKWY89','4977'),
('KBMD497856JVKQCA65', 'JLUX522686FVCNEG85','6666'),
('VZFN644967TPSQVA75', 'SVUN692992QHHXLK57','9342'),
('SKNW754724BVPDYQ26', 'XGLW792939RXWQKW24','5525'),
('AFXP677752VGEVJC98', 'AUFS929548MGGHFV59','5295'),
('LHYU878466CZVUSV65', 'QFNR794998TYXQEM28','9457'),
('FECL995859NVZNZT93', 'PMKJ543696WDNBBC94','4962'),
('XURT594874LZGCSS67', 'TCAC223254WFPFCK29','7634'),
('HZDQ582225RLMEPL94', 'EAQV649433CJEXKG93','7899'),
('KEDJ747889AFNHSG98', 'UGTK952755YVULLV74','8542'),
('LZSA858288SEYYLA58', 'ZTWR877959CCFKWY89','9472'),
('LWAU853793DUSRWB34', 'JLUX522686FVCNEG85','8657'),
('ZYYL926486KYPJDV72', 'SVUN692992QHHXLK57','7449'),
('FGDD954786AHEGTG74', 'XGLW792939RXWQKW24','9439'),
('ACGA243859FHXYET25', 'AUFS929548MGGHFV59','3955'),
('ETXC423547JMELUZ34', 'QFNR794998TYXQEM28','5752'),
('HDQP825449MSMXKG99', 'PMKJ543696WDNBBC94','7473'),
('WBXB988222YPAFZM27', 'TCAC223254WFPFCK29','8324'),
('FWCT673628DWDGXN57', 'EAQV649433CJEXKG93','5552'),
('YBJY934395LADRRT26', 'UGTK952755YVULLV74','5726'),
('WEEH857842XJFSPF62', 'ZTWR877959CCFKWY89','7388'),
('LRVX377537TJRCDJ59', 'JLUX522686FVCNEG85','8769'),
('NXNU476436XTQHVM86', 'SVUN692992QHHXLK57','4295'),
('GQNJ294768PVFYKZ86', 'XGLW792939RXWQKW24','8644'),
('NUES525959XNVYXM83', 'AUFS929548MGGHFV59','7624'),
('ABAL465527KUDJJW73', 'QFNR794998TYXQEM28','3738'),
('LPHU294584KXARYZ46', 'PMKJ543696WDNBBC94','3539'),
('ZSCP584497ASSPED63', 'TCAC223254WFPFCK29','2468'),
('LTXW467774HVGTWX75', 'EAQV649433CJEXKG93','7456'),
('FXKY377949NKKHVV84', 'UGTK952755YVULLV74','8598'),
('EGGK752267SXLGHV45', 'ZTWR877959CCFKWY89','9389'),
('KNXP993266MYBFWQ24', 'JLUX522686FVCNEG85','7885'),
('SUKW452854HDBDAE97', 'SVUN692992QHHXLK57','3939'),
('XVTC373756ZFZSQK38', 'XGLW792939RXWQKW24','3962'),
('SCGJ923638ZWPVFN39', 'AUFS929548MGGHFV59','3444'),
('HKSP426363PUTMAS47', 'QFNR794998TYXQEM28','2444'),
('NXDV246562LATDNK24', 'PMKJ543696WDNBBC94','9372'),
('QBCP892589VHPUFF33', 'TCAC223254WFPFCK29','5973'),
('FCEH684269WSPRMH38', 'EAQV649433CJEXKG93','4222'),
('KQZF684745NNWQCL44', 'UGTK952755YVULLV74 ','8334'),
('RVZG588836GCEXTZ47', 'ZTWR877959CCFKWY89','2243'),
('BKSA626977XYEFKZ56', 'JLUX522686FVCNEG85','5697'),
('MQAB778374UFXJVY28', 'SVUN692992QHHXLK57','6775'),
('QJAQ422579KGKZGD87', 'XGLW792939RXWQKW24','7762'),
('XMKU699763GDKBLY57', 'AUFS929548MGGHFV59','2476'),
('ABCA695429DKMBWX22', 'QFNR794998TYXQEM28','2935'),
('CQQT436464PVLZAS42', 'PMKJ543696WDNBBC94','6369'),
('VAXU267364UUEZZF22', 'TCAC223254WFPFCK29','3794'),
('KWES532923PMTTEG76', 'EAQV649433CJEXKG93','6737'),
('JVCY928925PSUVBY72', 'UGTK952755YVULLV74','5986'),
('KFJP458838GNZDXQ33', 'ZTWR877959CCFKWY89','6234'),
('UMYW233553FSGGCQ42', 'JLUX522686FVCNEG85','2267'),
('JTWY529247XSVYUP25', 'SVUN692992QHHXLK57','7238'),
('VNAC984447SUSLKT53', 'XGLW792939RXWQKW24','7623'),
('CZJK549326UQXWAQ35', 'AUFS929548MGGHFV59','7685'),
('BXXC887288MFPECK97', 'QFNR794998TYXQEM28','6224'),
('FSVA684257NUUYDZ76', 'PMKJ543696WDNBBC94','2348'),
('KTHS226876PPCSGA34', 'TCAC223254WFPFCK29','3887'),
('JUSV365888LKVWKP99', 'EAQV649433CJEXKG93','2836'),
('LMUR325853EJCFNY29', 'UGTK952755YVULLV74','8824');

INSERT INTO APP.AGENCIA.VIAJES(lugar_comienzo, lugar_destino, num_personas, hora_inicio, hora_final, fecha) VALUES 
('Facultad de Arquitectura','Facultad de Contaduría y Administración','1','4:23:07','19:09:19','11-10-16'),
('Facultad de Artes y Diseño','Facultad de Ciencias Políticas y Sociales','3','01:47:30','4:23:07','21-06-16'),
('Facultad de Ciencias','Facultad de Ciencias','1','19:09:19','01:47:30','09-02-17'),
('Facultad de Ciencias Políticas y Sociales','Facultad de Artes y Diseño','4','05:05:39','19:09:19','23-11-16'),
('Facultad de Contaduría y Administración','Facultad de Arquitectura','1','05:09:16','05:05:39','15-02-17'),
('Facultad de Derecho','Unidad Multidisciplinaria de Docencia e Investigación','2','20:18:45','05:09:16','04-05-17'),
('Facultad de Economía','Instituto de Energías Renovables','2','19:35:02','20:18:45','05-03-17'),
('Facultad de Estudios Superiores Acatlán','Centro Universitario de Teatro','3','14:36:09','19:35:02','15-12-17'),
('Facultad de Estudios Superiores Aragón','Centro Universitario de Estudios Cinematográficos','4','17:27:56','14:36:09','26-09-17'),
('Facultad de Estudios Superiores Cuautitlán','Centro Peninsular en Humanidades y en Ciencias Sociales','2','17:45:12','17:27:56','26-12-16'),
('Facultad de Estudios Superiores Iztacala','Centro de Nanociencias y Nanotecnología','3','09:15:05','17:45:12','02-03-18'),
('Facultad de Estudios Superiores Zaragoza','Centro de Física Aplicada y Tecnología Avanzada','3','09:19:35','09:15:05','03-12-17'),
('Facultad de Filosofía y Letras','Centro de Ciencias Genómicas','3','03:55:34','09:19:35','30-06-17'),
('Facultad de Ingeniería','Escuela Nacional de Trabajo Social','2','06:44:09','03:55:34','20-07-17'),
('Facultad de Medicina','Escuela Nacional de Estudios Superiores, Unidad Morelia','2','21:14:11','06:44:09','20-05-16'),
('Facultad de Medicina Veterinaria y Zootecnia','Escuela Nacional de Estudios Superiores Unidad León','1','12:26:07','21:14:11','18-07-16'),
('Facultad de Música','Escuela Nacional de Enfermería y Obstetricia','4','07:12:10','12:26:07','13-05-17'),
('Facultad de Odontología','Facultad de Química','3','17:20:57','07:12:10','19-10-17'),
('Facultad de Psicología','Facultad de Psicología','4','15:19:05','17:20:57','16-08-17'),
('Facultad de Química','Facultad de Odontología','2','07:57:36','15:19:05','05-06-17'),
('Escuela Nacional de Enfermería y Obstetricia','Facultad de Música','4','07:31:49','07:57:36','16-06-17'),
('Escuela Nacional de Estudios Superiores Unidad León','Facultad de Medicina Veterinaria y Zootecnia','2','04:18:38','07:31:49','08-01-17'),
('Escuela Nacional de Estudios Superiores, Unidad Morelia','Facultad de Medicina','2','03:19:37','04:18:38','12-05-16'),
('Escuela Nacional de Trabajo Social','Facultad de Ingeniería','2','12:20:08','03:19:37','25-09-17'),
('Centro de Ciencias Genómicas','Facultad de Filosofía y Letras','3','10:04:27','12:20:08','03-11-17'),
('Centro de Física Aplicada y Tecnología Avanzada','Facultad de Estudios Superiores Zaragoza','4','05:15:15','10:04:27','19-02-17'),
('Centro de Nanociencias y Nanotecnología','Facultad de Estudios Superiores Iztacala','4','22:24:33','05:15:15','13-04-18'),
('Centro Peninsular en Humanidades y en Ciencias Sociales','Facultad de Estudios Superiores Cuautitlán','1','02:17:37','22:24:33','05-05-16'),
('Centro Universitario de Estudios Cinematográficos','Facultad de Estudios Superiores Aragón','3','15:18:39','02:17:37','11-06-16'),
('Centro Universitario de Teatro','Facultad de Estudios Superiores Acatlán','2','20:06:00','15:18:39','21-03-18'),
('Instituto de Energías Renovables','Facultad de Economía','2','00:56:50','20:06:00','29-01-18'),
('Unidad Multidisciplinaria de Docencia e Investigación','Facultad de Derecho','2','04:20:05','00:56:50','03-04-18'),
('Facultad de Arquitectura','Facultad de Contaduría y Administración','2','00:07:58','04:20:05','03-03-17'),
('Facultad de Artes y Diseño','Facultad de Ciencias Políticas y Sociales','2','07:46:15','00:07:58','17-09-17'),
('Facultad de Ciencias','Facultad de Ciencias','3','00:47:41','07:46:15','16-12-16'),
('Facultad de Ciencias Políticas y Sociales','Facultad de Artes y Diseño','2','09:09:31','00:47:41','29-09-17'),
('Facultad de Contaduría y Administración','Facultad de Arquitectura','3','18:53:22','09:09:31','18-03-17'),
('Facultad de Derecho','Unidad Multidisciplinaria de Docencia e Investigación','3','23:18:22','18:53:22','06-12-16'),
('Facultad de Economía','Instituto de Energías Renovables','3','18:46:54','23:18:22','14-01-17'),
('Facultad de Estudios Superiores Acatlán','Centro Universitario de Teatro','4','00:44:37','18:46:54','06-06-17'),
('Facultad de Estudios Superiores Aragón','Centro Universitario de Estudios Cinematográficos','4','11:34:42','00:44:37','12-02-17'),
('Facultad de Estudios Superiores Cuautitlán','Centro Peninsular en Humanidades y en Ciencias Sociales','3','12:20:20','11:34:42','10-03-18'),
('Facultad de Estudios Superiores Iztacala','Centro de Nanociencias y Nanotecnología','1','18:45:24','12:20:20','28-12-17'),
('Facultad de Estudios Superiores Zaragoza','Centro de Física Aplicada y Tecnología Avanzada','1','17:36:05','18:45:24','03-06-16'),
('Facultad de Filosofía y Letras','Centro de Ciencias Genómicas','4','07:14:38','17:36:05','03-11-17'),
('Facultad de Ingeniería','Escuela Nacional de Trabajo Social','4','22:58:20','07:14:38','26-04-18'),
('Facultad de Medicina','Escuela Nacional de Estudios Superiores, Unidad Morelia','3','06:33:49','22:58:20','21-11-16'),
('Facultad de Medicina Veterinaria y Zootecnia','Escuela Nacional de Estudios Superiores Unidad León','2','14:41:29','06:33:49','31-08-17'),
('Facultad de Música','Escuela Nacional de Enfermería y Obstetricia','3','14:42:16','14:41:29','19-01-18'),
('Facultad de Odontología','Facultad de Química','2','17:22:04','14:42:16','30-08-16'),
('Facultad de Psicología','Facultad de Psicología','3','04:04:34','17:22:04','14-07-16'),
('Facultad de Química','Facultad de Odontología','2','18:14:30','04:04:34','10-08-16'),
('Escuela Nacional de Enfermería y Obstetricia','Facultad de Música','3','21:35:49','18:14:30','26-12-17'),
('Escuela Nacional de Estudios Superiores Unidad León','Facultad de Medicina Veterinaria y Zootecnia','3','13:19:27','21:35:49','08-12-16'),
('Escuela Nacional de Estudios Superiores, Unidad Morelia','Facultad de Medicina','1','02:20:38','13:19:27','17-06-16'),
('Escuela Nacional de Trabajo Social','Facultad de Ingeniería','4','21:17:20','02:20:38','03-11-17'),
('Centro de Ciencias Genómicas','Facultad de Filosofía y Letras','2','00:26:39','21:17:20','11-07-17'),
('Centro de Física Aplicada y Tecnología Avanzada','Facultad de Estudios Superiores Zaragoza','3','08:08:08','00:26:39','17-09-17'),
('Centro de Nanociencias y Nanotecnología','Facultad de Estudios Superiores Iztacala','2','16:18:16','08:08:08','19-04-17'),
('Centro Peninsular en Humanidades y en Ciencias Sociales','Facultad de Estudios Superiores Cuautitlán','3','13:25:36','16:18:16','09-08-17'),
('Centro Universitario de Estudios Cinematográficos','Facultad de Estudios Superiores Aragón','4','05:27:29','13:25:36','06-06-17'),
('Centro Universitario de Teatro','Facultad de Estudios Superiores Acatlán','1','07:47:02','05:27:29','27-07-16'),
('Instituto de Energías Renovables','Facultad de Economía','2','19:00:31','07:47:02','01-10-17'),
('Unidad Multidisciplinaria de Docencia e Investigación','Facultad de Derecho','1','10:16:33','19:00:31','11-10-16'),
('Facultad de Arquitectura','Facultad de Contaduría y Administración','2','18:36:04','10:16:33','05-10-16'),
('Facultad de Artes y Diseño','Facultad de Ciencias Políticas y Sociales','3','08:41:15','18:36:04','21-01-18'),
('Facultad de Ciencias','Facultad de Ciencias','1','10:14:58','08:41:15','27-01-18'),
('Facultad de Ciencias Políticas y Sociales','Facultad de Artes y Diseño','3','00:27:45','10:14:58','20-08-17'),
('Facultad de Contaduría y Administración','Facultad de Arquitectura','4','19:04:55','00:27:45','15-08-16'),
('Facultad de Derecho','Unidad Multidisciplinaria de Docencia e Investigación','3','10:04:24','19:04:55','15-01-18'),
('Facultad de Economía','Instituto de Energías Renovables','4','15:17:53','10:04:24','16-11-16'),
('Facultad de Estudios Superiores Acatlán','Centro Universitario de Teatro','4','23:23:16','15:17:53','27-05-17'),
('Facultad de Estudios Superiores Aragón','Centro Universitario de Estudios Cinematográficos','3','19:58:30','23:23:16','23-09-17'),
('Facultad de Estudios Superiores Cuautitlán','Centro Peninsular en Humanidades y en Ciencias Sociales','4','01:40:51','19:58:30','22-02-18'),
('Facultad de Estudios Superiores Iztacala','Centro de Nanociencias y Nanotecnología','4','14:41:20','01:40:51','19-06-16'),
('Facultad de Estudios Superiores Zaragoza','Centro de Física Aplicada y Tecnología Avanzada','3','02:05:12','14:41:20','27-10-17'),
('Facultad de Filosofía y Letras','Centro de Ciencias Genómicas','1','11:31:45','02:05:12','28-03-18'),
('Facultad de Ingeniería','Escuela Nacional de Trabajo Social','2','05:21:21','11:31:45','14-07-16'),
('Facultad de Medicina','Escuela Nacional de Estudios Superiores, Unidad Morelia','1','05:28:51','05:21:21','25-09-17'),
('Facultad de Medicina Veterinaria y Zootecnia','Escuela Nacional de Estudios Superiores Unidad León','3','19:38:14','05:28:51','19-01-17'),
('Facultad de Música','Escuela Nacional de Enfermería y Obstetricia','1','12:06:07','19:38:14','09-12-17'),
('Facultad de Odontología','Facultad de Química','2','16:06:46','12:06:07','03-04-17'),
('Facultad de Psicología','Facultad de Psicología','3','15:39:58','16:06:46','19-12-17'),
('Facultad de Química','Facultad de Odontología','1','12:38:11','15:39:58','01-03-17'),
('Escuela Nacional de Enfermería y Obstetricia','Facultad de Música','3','18:46:41','12:38:11','26-06-16'),
('Escuela Nacional de Estudios Superiores Unidad León','Facultad de Medicina Veterinaria y Zootecnia','1','08:04:53','18:46:41','02-02-18'),
('Escuela Nacional de Estudios Superiores, Unidad Morelia','Facultad de Medicina','3','07:30:11','08:04:53','23-07-17'),
('Escuela Nacional de Trabajo Social','Facultad de Ingeniería','2','23:57:14','07:30:11','18-04-17'),
('Centro de Ciencias Genómicas','Facultad de Filosofía y Letras','3','13:29:25','23:57:14','01-11-16'),
('Centro de Física Aplicada y Tecnología Avanzada','Facultad de Estudios Superiores Zaragoza','1','09:27:09','13:29:25','19-04-18'),
('Centro de Nanociencias y Nanotecnología','Facultad de Estudios Superiores Iztacala','3','13:29:48','09:27:09','17-04-18'),
('Centro Peninsular en Humanidades y en Ciencias Sociales','Facultad de Estudios Superiores Cuautitlán','1','12:56:08','13:29:48','07-08-17'),
('Centro Universitario de Estudios Cinematográficos','Facultad de Estudios Superiores Aragón','1','03:59:31','12:56:08','11-03-17'),
('Centro Universitario de Teatro','Facultad de Estudios Superiores Acatlán','1','02:31:11','03:59:31','02-10-17'),
('Instituto de Energías Renovables','Facultad de Economía','1','03:22:20','02:31:11','11-10-16'),
('Unidad Multidisciplinaria de Docencia e Investigación','Facultad de Derecho','4','14:42:17','03:22:20','23-07-17'),
('Facultad de Arquitectura','Facultad de Contaduría y Administración','3','01:10:04','14:42:17','16-04-18'),
('Facultad de Artes y Diseño','Facultad de Ciencias Políticas y Sociales','1','08:12:13','01:10:04','15-01-17'),
('Facultad de Ciencias','Facultad de Ciencias','4','04:13:27','08:12:13','03-02-17'),
('Facultad de Ciencias Políticas y Sociales','Facultad de Artes y Diseño','2','04:18:03','04:13:27','09-02-18');

INSERT INTO APP.AGENCIA.ALUMNOS(id_unam) VALUES
('3726837334'),
('2648743722'),
('3864266283'),
('9335958596'),
('6249595262'),
('4845883385'),
('7966973787'),
('2366334999'),
('2376858869'),
('4567964549'),
('4373642832'),
('2747586255'),
('2985692487'),
('5848567654'),
('5528626343'),
('5287377952'),
('3267559939'),
('5429787987'),
('4748854553'),
('5748883743'),
('4356368584'),
('9385755857'),
('7773725332'),
('5632228853'),
('9478875697'),
('9795639557'),
('3554794835'),
('2743332647'),
('7582743496'),
('5767958975'),
('9935266765'),
('9275874664'),
('3465733694'),
('4428659653'),
('2893524893'),
('6582888969'),
('3975247367'),
('6264648542'),
('5453744654'),
('6679594459'),
('6926548357'),
('2654648279'),
('3932476237'),
('6647363958'),
('9369998532'),
('4394657295'),
('5568799752'),
('7225784567'),
('3944253728'),
('5285474642'),
('2888427395'),
('2498683768'),
('9475943644'),
('2682992649'),
('6332447857'),
('5932967834'),
('5722992282'),
('6564774835'),
('2222677847'),
('9839869227'),
('2479594529'),
('6844785484'),
('6562322837'),
('9449486785'),
('3878296798'),
('3452364965'),
('5488743787'),
('5926237568'),
('6433977239'),
('8334757798'),
('9696349678'),
('7594756365'),
('8249563548'),
('2548953324'),
('6884686524'),
('4572354636'),
('3283242235'),
('5733622765'),
('4858495259'),
('3976783968'),
('8483758643'),
('8289429887'),
('6574839667'),
('7863865348'),
('9526288366'),
('6249767543'),
('3788754972'),
('2578268423'),
('8792677365'),
('8653642238'),
('4824667992'),
('7679633938'),
('9367235578'),
('7632556832'),
('8774357823'),
('2976852525'),
('7254626645'),
('6647327368'),
('7396299937'),
('7634593783');

INSERT INTO APP.AGENCIA.ALUMNOS(id_unam) VALUES
('9875639227'),
('3452534642'),
('3267228972'),
('6562796233'),
('4276735935'),
('8275358383'),
('9226354836'),
('4544272665'),
('2469475476'),
('9334427777'),
('6328492532'),
('4854545877'),
('8245739898'),
('2996445586'),
('6389883598'),
('3343557949'),
('2256726543'),
('3394883553'),
('2264687923'),
('7353534972'),
('9239982359'),
('6864732394'),
('9793899535'),
('7928427585'),
('8956342392'),
('6855785224'),
('8449334696'),
('6737445558'),
('8678245673'),
('5587875478'),
('5748244766'),
('9427572962'),
('2832828293'),
('3448635736'),
('2367728977'),
('6437947546'),
('5767362443'),
('8696725758'),
('8696572852'),
('3639382769'),
('2287955567'),
('3638986483'),
('3774857832'),
('5997575997'),
('5282566288'),
('9959692887'),
('7756279746'),
('4852265748'),
('7622963295'),
('7597532545'),
('5295774234'),
('5943995656'),
('7483476372'),
('2858585826'),
('7845343453'),
('6632762954'),
('7398296777'),
('8493898779'),
('5568264454'),
('6599989637'),
('7222376569'),
('8627636848'),
('6629228872'),
('5476363964'),
('6365935438'),
('4299829787'),
('6492957324'),
('7527955433'),
('2277795336'),
('9945327599'),
('6399353782'),
('4485234578'),
('9475782863'),
('5882969457'),
('7458749698'),
('4638927682'),
('5778578389'),
('2987743386'),
('3757294872'),
('6555859329'),
('8985737388'),
('3575822369'),
('6967988672'),
('3783767598'),
('4939674225'),
('4355237759'),
('8786248768'),
('6556993597'),
('7539886868'),
('3444876848'),
('4937588953'),
('2379424388'),
('4988237356'),
('2222476645'),
('8488676497'),
('5253953296'),
('5234672899'),
('8782688279'),
('2494728242'),
('8478825967');

INSERT INTO APP.AGENCIA.ACADEMICOS(id_unam) VALUES
('9875639227'),
('3452534642'),
('3267228972'),
('6562796233'),
('4276735935'),
('8275358383'),
('9226354836'),
('4544272665'),
('2469475476'),
('9334427777'),
('6328492532'),
('4854545877'),
('8245739898'),
('2996445586'),
('6389883598'),
('3343557949'),
('2256726543'),
('3394883553'),
('2264687923'),
('7353534972'),
('9239982359'),
('6864732394'),
('9793899535'),
('7928427585'),
('8956342392'),
('6855785224'),
('8449334696'),
('6737445558'),
('8678245673'),
('5587875478'),
('5748244766'),
('9427572962'),
('2832828293'),
('3448635736'),
('2367728977'),
('6437947546'),
('5767362443'),
('8696725758'),
('8696572852'),
('3639382769'),
('2287955567'),
('3638986483'),
('3774857832'),
('5997575997'),
('5282566288'),
('9959692887'),
('7756279746'),
('4852265748'),
('7622963295'),
('7597532545'),
('5295774234'),
('5943995656'),
('7483476372'),
('2858585826'),
('7845343453'),
('6632762954'),
('7398296777'),
('8493898779'),
('5568264454'),
('6599989637'),
('7222376569'),
('8627636848'),
('6629228872'),
('5476363964'),
('6365935438'),
('4299829787'),
('6492957324'),
('7527955433'),
('2277795336'),
('9945327599'),
('6399353782'),
('4485234578'),
('9475782863'),
('5882969457'),
('7458749698'),
('4638927682'),
('5778578389'),
('2987743386'),
('3757294872'),
('6555859329'),
('8985737388'),
('3575822369'),
('6967988672'),
('3783767598'),
('4939674225'),
('4355237759'),
('8786248768'),
('6556993597'),
('7539886868'),
('3444876848'),
('4937588953'),
('2379424388'),
('4988237356'),
('2222476645'),
('8488676497'),
('5253953296'),
('5234672899'),
('8782688279'),
('2494728242'),
('8478825967');

INSERT INTO APP.AGENCIA.TRABAJADORES(id_unam) VALUES
('4527999447'),
('6595267783'),
('2373965757'),
('7636365588'),
('7734247242'),
('3646866837'),
('4985424298'),
('8459489636'),
('9424949765'),
('8532998548'),
('5488294338'),
('7696434456'),
('9892329926'),
('7964799778'),
('6337962793'),
('8595827486'),
('5577277988'),
('6327997232'),
('7584497997'),
('2869447565'),
('2624755886'),
('8973789793'),
('8794965777'),
('2937527967'),
('7259658234'),
('9385545692'),
('3923334668'),
('6387533358'),
('2929733638'),
('8268366882'),
('4472447248'),
('6368856492'),
('6668767459'),
('3938568645'),
('5364999678'),
('2557375398'),
('6569567775'),
('3374577362'),
('5357887789'),
('8263367974'),
('5724643627'),
('5478948887'),
('7365558293'),
('4625758232'),
('9343392282'),
('5268789336'),
('4364975762'),
('6499689767'),
('3399785564'),
('8237384757'),
('9997845348'),
('6435935764'),
('2946925966'),
('9897862323'),
('9239826684'),
('7668469338'),
('2833562352'),
('3962795835'),
('4938598534'),
('4253785379'),
('9959927437'),
('9783399693'),
('7679744669'),
('8437345898'),
('7875584543'),
('4553623928'),
('8989534247'),
('7726374724'),
('3368758354'),
('4679236378'),
('9273559234'),
('9728964335'),
('5394753635'),
('6232648333'),
('9972298487'),
('5574362638'),
('3935726387'),
('5835453398'),
('8949583294'),
('9654496985'),
('9242755629'),
('5248782487'),
('6787289543'),
('5474257749'),
('9478868465'),
('7625967579'),
('2439733472'),
('4389437238'),
('8634679789'),
('3977788997'),
('2845632887'),
('7824327623'),
('3987737626'),
('5382749976'),
('4932868985'),
('5835859549'),
('7289942323'),
('2448948439'),
('7325396688'),
('3587953845');